partner_id,health_score,at_risk
PT-00001,99.2783,0
PT-00002,99.6131,0
PT-00003,96.7578,0
PT-00004,99.6671,0
PT-00005,96.5186,0
PT-00006,94.6551,0
PT-00007,99.6613,0
PT-00008,99.3127,0
PT-00009,99.659,0
PT-00010,98.9866,0
PT-00011,99.6274,0
PT-00012,99.4031,0
PT-00013,98.7243,0
PT-00014,99.6669,0
PT-00015,99.4882,0
PT-00016,94.946,0
PT-00017,98.8999,0
PT-00018,99.4845,0
PT-00019,98.9494,0
PT-00020,98.6489,0
PT-00021,99.0135,0
PT-00022,98.9744,0
PT-00023,87.2766,1
PT-00024,94.3238,0
PT-00025,99.6745,0
PT-00026,99.3283,0
PT-00027,99.6011,0
PT-00028,99.6702,0
PT-00029,92.2984,0
PT-00030,99.3486,0
PT-00031,99.5535,0
PT-00032,99.3567,0
PT-00033,99.6182,0
PT-00034,93.7716,0
PT-00035,98.4054,0
PT-00036,97.489,0
PT-00037,95.4058,0
PT-00038,98.4073,0
PT-00039,99.5271,0
PT-00040,96.0217,0
PT-00041,99.6795,0
PT-00042,99.2366,0
PT-00043,99.5131,0
PT-00044,99.5854,0
PT-00045,92.8975,0
PT-00046,99.5137,0
PT-00047,97.3478,0
PT-00048,96.1254,0
PT-00049,97.997,0
PT-00050,99.5566,0
PT-00051,98.0442,0
PT-00052,99.6683,0
PT-00053,87.9758,1
PT-00054,99.5915,0
PT-00055,99.5085,0
PT-00056,99.5124,0
PT-00057,99.6017,0
PT-00058,92.2229,0
PT-00059,98.7757,0
PT-00060,85.1126,1
PT-00061,93.4452,0
PT-00062,98.7034,0
PT-00063,97.1014,0
PT-00064,82.0364,1
PT-00065,99.6294,0
PT-00066,86.9827,1
PT-00067,97.674,0
PT-00068,99.01,0
PT-00069,99.6901,0
PT-00070,98.9998,0
PT-00071,98.1094,0
PT-00072,99.646,0
PT-00073,94.7584,0
PT-00074,99.268,0
PT-00075,99.4954,0
PT-00076,99.3033,0
PT-00077,97.7156,0
PT-00078,99.69,0
PT-00079,98.705,0
PT-00080,96.2742,0
PT-00081,89.6801,1
PT-00082,99.4754,0
PT-00083,99.3746,0
PT-00084,98.688,0
PT-00085,99.6901,0
PT-00086,99.4717,0
PT-00087,99.5286,0
PT-00088,99.335,0
PT-00089,86.4715,1
PT-00090,97.4973,0
PT-00091,99.5667,0
PT-00092,99.1483,0
PT-00093,99.4496,0
PT-00094,97.5324,0
PT-00095,89.7534,1
PT-00096,95.9133,0
PT-00097,98.0427,0
PT-00098,94.1672,0
PT-00099,99.4644,0
PT-00100,97.9112,0
PT-00101,97.6977,0
PT-00102,99.0737,0
PT-00103,99.5411,0
PT-00104,90.3985,0
PT-00105,99.0602,0
PT-00106,99.6138,0
PT-00107,99.4833,0
PT-00108,99.512,0
PT-00109,93.5273,0
PT-00110,99.6067,0
PT-00111,98.8293,0
PT-00112,98.4619,0
PT-00113,99.4657,0
PT-00114,97.0923,0
PT-00115,99.5531,0
PT-00116,96.8393,0
PT-00117,99.4202,0
PT-00118,93.5554,0
PT-00119,96.1273,0
PT-00120,98.0454,0
PT-00121,97.6331,0
PT-00122,99.6419,0
PT-00123,95.8121,0
PT-00124,93.1683,0
PT-00125,99.6849,0
PT-00126,99.6718,0
PT-00127,99.0883,0
PT-00128,96.0086,0
PT-00129,93.954,0
PT-00130,95.0115,0
PT-00131,98.7322,0
PT-00132,99.3555,0
PT-00133,99.4728,0
PT-00134,86.499,1
PT-00135,99.3665,0
PT-00136,99.6896,0
PT-00137,99.6396,0
PT-00138,97.5565,0
PT-00139,99.5989,0
PT-00140,99.3647,0
PT-00141,95.6573,0
PT-00142,99.1977,0
PT-00143,99.6421,0
PT-00144,99.5025,0
PT-00145,99.5918,0
PT-00146,99.0028,0
PT-00147,99.0004,0
PT-00148,99.3144,0
PT-00149,99.5116,0
PT-00150,99.6857,0
PT-00151,97.4708,0
PT-00152,94.1087,0
PT-00153,99.5054,0
PT-00154,99.2581,0
PT-00155,99.555,0
PT-00156,99.4619,0
PT-00157,98.5225,0
PT-00158,99.6586,0
PT-00159,97.5516,0
PT-00160,99.4518,0
PT-00161,99.3085,0
PT-00162,97.3423,0
PT-00163,96.6779,0
PT-00164,99.6865,0
PT-00165,98.252,0
PT-00166,99.4132,0
PT-00167,99.5207,0
PT-00168,99.3305,0
PT-00169,98.559,0
PT-00170,97.5968,0
PT-00171,97.4194,0
PT-00172,99.6316,0
PT-00173,97.858,0
PT-00174,99.6053,0
PT-00175,99.4072,0
PT-00176,99.689,0
PT-00177,99.6876,0
PT-00178,91.9566,0
PT-00179,98.7906,0
PT-00180,94.8448,0
PT-00181,98.9436,0
PT-00182,99.1642,0
PT-00183,99.1929,0
PT-00184,99.4421,0
PT-00185,97.1138,0
PT-00186,99.6882,0
PT-00187,96.427,0
PT-00188,99.3346,0
PT-00189,99.409,0
PT-00190,98.5397,0
PT-00191,98.4516,0
PT-00192,96.7248,0
PT-00193,96.5941,0
PT-00194,99.6496,0
PT-00195,98.6662,0
PT-00196,96.92,0
PT-00197,99.6656,0
PT-00198,96.3952,0
PT-00199,99.6747,0
PT-00200,96.1106,0
PT-00201,98.086,0
PT-00202,99.4802,0
PT-00203,98.305,0
PT-00204,94.4413,0
PT-00205,99.6901,0
PT-00206,99.2742,0
PT-00207,98.8418,0
PT-00208,99.6814,0
PT-00209,94.9475,0
PT-00210,89.1077,1
PT-00211,64.8509,1
PT-00212,96.8401,0
PT-00213,99.3354,0
PT-00214,99.2103,0
PT-00215,97.8461,0
PT-00216,98.5815,0
PT-00217,99.57,0
PT-00218,99.2152,0
PT-00219,99.6783,0
PT-00220,97.9129,0
PT-00221,98.4157,0
PT-00222,99.3089,0
PT-00223,98.9374,0
PT-00224,99.4826,0
PT-00225,99.5091,0
PT-00226,99.2492,0
PT-00227,99.6902,0
PT-00228,95.2021,0
PT-00229,98.9359,0
PT-00230,97.0387,0
PT-00231,99.3178,0
PT-00232,99.5091,0
PT-00233,96.9002,0
PT-00234,99.1824,0
PT-00235,99.6806,0
PT-00236,98.7681,0
PT-00237,99.5774,0
PT-00238,94.196,0
PT-00239,99.6848,0
PT-00240,99.2676,0
PT-00241,99.4536,0
PT-00242,99.4201,0
PT-00243,99.1541,0
PT-00244,99.3617,0
PT-00245,98.2753,0
PT-00246,99.4551,0
PT-00247,98.5803,0
PT-00248,99.4332,0
PT-00249,97.6314,0
PT-00250,98.1171,0
PT-00251,99.211,0
PT-00252,98.7811,0
PT-00253,98.3932,0
PT-00254,98.8841,0
PT-00255,98.2097,0
PT-00256,97.3396,0
PT-00257,97.5253,0
PT-00258,99.5934,0
PT-00259,97.7244,0
PT-00260,98.7595,0
PT-00261,99.1774,0
PT-00262,96.3375,0
PT-00263,99.5139,0
PT-00264,99.6026,0
PT-00265,96.783,0
PT-00266,93.3445,0
PT-00267,99.0386,0
PT-00268,99.6848,0
PT-00269,99.2453,0
PT-00270,99.6806,0
PT-00271,99.6534,0
PT-00272,92.9183,0
PT-00273,85.3964,1
PT-00274,89.3603,1
PT-00275,91.4468,0
PT-00276,83.4923,1
PT-00277,97.9866,0
PT-00278,98.3343,0
PT-00279,97.8933,0
PT-00280,98.8767,0
PT-00281,99.6707,0
PT-00282,99.6457,0
PT-00283,99.1578,0
PT-00284,98.383,0
PT-00285,97.3899,0
PT-00286,98.2361,0
PT-00287,99.6876,0
PT-00288,97.6668,0
PT-00289,97.7904,0
PT-00290,95.8772,0
PT-00291,96.5432,0
PT-00292,93.076,0
PT-00293,99.5434,0
PT-00294,98.2541,0
PT-00295,97.3849,0
PT-00296,98.9187,0
PT-00297,99.6798,0
PT-00298,99.4722,0
PT-00299,99.2014,0
PT-00300,99.5169,0
PT-00301,99.5566,0
PT-00302,99.5452,0
PT-00303,90.965,0
PT-00304,97.9428,0
PT-00305,95.1773,0
PT-00306,99.6833,0
PT-00307,99.2064,0
PT-00308,97.6988,0
PT-00309,97.5645,0
PT-00310,99.5824,0
PT-00311,92.6324,0
PT-00312,95.5773,0
PT-00313,99.6379,0
PT-00314,99.2354,0
PT-00315,98.4752,0
PT-00316,86.3287,1
PT-00317,97.584,0
PT-00318,99.2367,0
PT-00319,95.4698,0
PT-00320,94.5289,0
PT-00321,99.6862,0
PT-00322,99.1424,0
PT-00323,98.4437,0
PT-00324,99.4376,0
PT-00325,91.8391,0
PT-00326,98.6845,0
PT-00327,89.4966,1
PT-00328,92.4365,0
PT-00329,98.8984,0
PT-00330,99.6587,0
PT-00331,95.4985,0
PT-00332,99.4346,0
PT-00333,99.6123,0
PT-00334,96.5989,0
PT-00335,99.0917,0
PT-00336,99.6812,0
PT-00337,97.7759,0
PT-00338,97.7952,0
PT-00339,91.5415,0
PT-00340,99.5104,0
PT-00341,99.0896,0
PT-00342,97.1976,0
PT-00343,98.9431,0
PT-00344,99.4893,0
PT-00345,99.4382,0
PT-00346,99.6188,0
PT-00347,99.614,0
PT-00348,99.0164,0
PT-00349,99.5624,0
PT-00350,97.8939,0
PT-00351,98.2695,0
PT-00352,91.1558,0
PT-00353,88.7113,1
PT-00354,99.5668,0
PT-00355,99.1865,0
PT-00356,97.827,0
PT-00357,99.5354,0
PT-00358,98.9127,0
PT-00359,99.596,0
PT-00360,99.4971,0
PT-00361,96.9942,0
PT-00362,99.3065,0
PT-00363,99.5104,0
PT-00364,98.3824,0
PT-00365,99.3989,0
PT-00366,96.659,0
PT-00367,99.23,0
PT-00368,99.4287,0
PT-00369,99.6641,0
PT-00370,98.8366,0
PT-00371,98.9984,0
PT-00372,92.2149,0
PT-00373,99.636,0
PT-00374,98.632,0
PT-00375,99.6205,0
PT-00376,99.0745,0
PT-00377,99.2226,0
PT-00378,95.9331,0
PT-00379,99.6758,0
PT-00380,97.9265,0
PT-00381,99.6856,0
PT-00382,99.4477,0
PT-00383,99.1467,0
PT-00384,99.0539,0
PT-00385,98.35,0
PT-00386,99.5566,0
PT-00387,99.2413,0
PT-00388,98.9458,0
PT-00389,97.3145,0
PT-00390,99.5517,0
PT-00391,99.6586,0
PT-00392,91.2455,0
PT-00393,99.5896,0
PT-00394,99.284,0
PT-00395,99.6877,0
PT-00396,99.1836,0
PT-00397,98.1126,0
PT-00398,98.7768,0
PT-00399,77.3099,1
PT-00400,99.0577,0
PT-00401,88.2504,1
PT-00402,99.5485,0
PT-00403,96.2947,0
PT-00404,99.4806,0
PT-00405,99.6416,0
PT-00406,96.1933,0
PT-00407,98.1238,0
PT-00408,97.31,0
PT-00409,99.5652,0
PT-00410,97.5037,0
PT-00411,99.5623,0
PT-00412,99.3655,0
PT-00413,90.825,0
PT-00414,99.5691,0
PT-00415,99.6855,0
PT-00416,99.295,0
PT-00417,99.4534,0
PT-00418,99.6537,0
PT-00419,95.8531,0
PT-00420,96.4534,0
PT-00421,99.5406,0
PT-00422,99.6899,0
PT-00423,99.6799,0
PT-00424,98.8472,0
PT-00425,96.9612,0
PT-00426,99.4963,0
PT-00427,96.8473,0
PT-00428,96.8192,0
PT-00429,97.2822,0
PT-00430,98.3802,0
PT-00431,96.644,0
PT-00432,99.4818,0
PT-00433,99.4612,0
PT-00434,96.1959,0
PT-00435,99.6901,0
PT-00436,98.097,0
PT-00437,99.1031,0
PT-00438,98.131,0
PT-00439,98.3037,0
PT-00440,98.5022,0
PT-00441,98.933,0
PT-00442,99.4813,0
PT-00443,99.6458,0
PT-00444,98.8655,0
PT-00445,91.8362,0
PT-00446,95.8029,0
PT-00447,99.2957,0
PT-00448,98.3727,0
PT-00449,96.4132,0
PT-00450,99.5372,0
PT-00451,99.6898,0
PT-00452,97.5911,0
PT-00453,93.0608,0
PT-00454,98.7686,0
PT-00455,99.1361,0
PT-00456,96.5186,0
PT-00457,95.4866,0
PT-00458,98.3302,0
PT-00459,97.2897,0
PT-00460,98.6055,0
PT-00461,99.5776,0
PT-00462,99.1953,0
PT-00463,92.0841,0
PT-00464,99.0685,0
PT-00465,98.8498,0
PT-00466,95.2463,0
PT-00467,99.6352,0
PT-00468,98.3336,0
PT-00469,99.2797,0
PT-00470,99.684,0
PT-00471,94.6971,0
PT-00472,98.9987,0
PT-00473,99.4989,0
PT-00474,99.4149,0
PT-00475,91.6847,0
PT-00476,99.2241,0
PT-00477,99.6634,0
PT-00478,99.3343,0
PT-00479,99.1621,0
PT-00480,87.3364,1
PT-00481,99.6484,0
PT-00482,99.4969,0
PT-00483,97.459,0
PT-00484,94.246,0
PT-00485,99.6756,0
PT-00486,98.5607,0
PT-00487,98.4725,0
PT-00488,99.6796,0
PT-00489,98.2818,0
PT-00490,99.3766,0
PT-00491,99.5097,0
PT-00492,98.2318,0
PT-00493,99.3867,0
PT-00494,99.3033,0
PT-00495,96.8434,0
PT-00496,99.1974,0
PT-00497,99.319,0
PT-00498,99.4634,0
PT-00499,99.1636,0
PT-00500,98.0391,0
PT-00501,96.639,0
PT-00502,97.7459,0
PT-00503,97.8274,0
PT-00504,98.2931,0
PT-00505,98.3674,0
PT-00506,84.9442,1
PT-00507,99.3717,0
PT-00508,96.1429,0
PT-00509,98.4595,0
PT-00510,98.0281,0
PT-00511,93.0422,0
PT-00512,98.8877,0
PT-00513,97.2903,0
PT-00514,97.4774,0
PT-00515,99.6341,0
PT-00516,99.608,0
PT-00517,99.5122,0
PT-00518,98.5232,0
PT-00519,99.4992,0
PT-00520,95.3932,0
PT-00521,96.5197,0
PT-00522,97.8873,0
PT-00523,99.676,0
PT-00524,99.6694,0
PT-00525,99.3311,0
PT-00526,99.216,0
PT-00527,94.9054,0
PT-00528,97.945,0
PT-00529,99.4841,0
PT-00530,99.4262,0
PT-00531,99.6619,0
PT-00532,94.4357,0
PT-00533,99.2342,0
PT-00534,96.4642,0
PT-00535,99.6833,0
PT-00536,98.0816,0
PT-00537,98.6957,0
PT-00538,98.3646,0
PT-00539,99.5132,0
PT-00540,96.6351,0
PT-00541,99.4339,0
PT-00542,97.7608,0
PT-00543,99.4352,0
PT-00544,99.2946,0
PT-00545,98.6263,0
PT-00546,98.9127,0
PT-00547,99.5087,0
PT-00548,99.3922,0
PT-00549,98.6678,0
PT-00550,99.2932,0
PT-00551,93.4531,0
PT-00552,99.6684,0
PT-00553,99.5875,0
PT-00554,46.9982,1
PT-00555,99.6877,0
PT-00556,98.6285,0
PT-00557,91.245,0
PT-00558,98.6892,0
PT-00559,98.8656,0
PT-00560,98.1316,0
PT-00561,97.4304,0
PT-00562,99.6266,0
PT-00563,95.5258,0
PT-00564,99.645,0
PT-00565,99.4512,0
PT-00566,99.652,0
PT-00567,99.451,0
PT-00568,98.7681,0
PT-00569,99.5388,0
PT-00570,97.6995,0
PT-00571,93.082,0
PT-00572,99.4733,0
PT-00573,98.1313,0
PT-00574,99.5739,0
PT-00575,97.8741,0
PT-00576,98.2025,0
PT-00577,97.9889,0
PT-00578,98.5308,0
PT-00579,97.2464,0
PT-00580,97.3208,0
PT-00581,91.8454,0
PT-00582,99.0462,0
PT-00583,99.3213,0
PT-00584,90.5508,0
PT-00585,75.9891,1
PT-00586,98.1554,0
PT-00587,99.393,0
PT-00588,97.3414,0
PT-00589,96.2323,0
PT-00590,99.6891,0
PT-00591,99.641,0
PT-00592,99.3842,0
PT-00593,97.6531,0
PT-00594,95.8469,0
PT-00595,99.6744,0
PT-00596,99.2032,0
PT-00597,99.1332,0
PT-00598,88.9403,1
PT-00599,97.0326,0
PT-00600,99.4425,0
PT-00601,99.3105,0
PT-00602,99.2611,0
PT-00603,98.6303,0
PT-00604,98.566,0
PT-00605,99.4711,0
PT-00606,99.4052,0
PT-00607,99.6184,0
PT-00608,97.3344,0
PT-00609,98.349,0
PT-00610,99.3184,0
PT-00611,98.6329,0
PT-00612,98.8038,0
PT-00613,99.555,0
PT-00614,99.5848,0
PT-00615,88.8138,1
PT-00616,98.9878,0
PT-00617,99.3485,0
PT-00618,91.0739,0
PT-00619,88.0635,1
PT-00620,99.6621,0
PT-00621,97.5416,0
PT-00622,99.4084,0
PT-00623,99.4705,0
PT-00624,93.0885,0
PT-00625,98.2574,0
PT-00626,97.4188,0
PT-00627,99.0346,0
PT-00628,99.2852,0
PT-00629,99.3371,0
PT-00630,96.1692,0
PT-00631,99.659,0
PT-00632,98.334,0
PT-00633,99.6159,0
PT-00634,99.1288,0
PT-00635,99.6729,0
PT-00636,98.7188,0
PT-00637,87.0594,1
PT-00638,99.4946,0
PT-00639,99.6394,0
PT-00640,95.5289,0
PT-00641,99.2541,0
PT-00642,96.1352,0
PT-00643,99.6621,0
PT-00644,99.6725,0
PT-00645,99.4774,0
PT-00646,96.1843,0
PT-00647,99.6838,0
PT-00648,99.6333,0
PT-00649,99.4489,0
PT-00650,99.6903,0
PT-00651,99.6394,0
PT-00652,96.4029,0
PT-00653,99.2597,0
PT-00654,99.6666,0
PT-00655,92.835,0
PT-00656,99.5947,0
PT-00657,94.8774,0
PT-00658,99.6327,0
PT-00659,94.8441,0
PT-00660,99.2364,0
PT-00661,98.8923,0
PT-00662,95.6503,0
PT-00663,98.7177,0
PT-00664,98.9261,0
PT-00665,96.0162,0
PT-00666,95.8106,0
PT-00667,98.5875,0
PT-00668,99.3781,0
PT-00669,97.7522,0
PT-00670,97.0994,0
PT-00671,98.3977,0
PT-00672,95.6757,0
PT-00673,99.5702,0
PT-00674,98.4488,0
PT-00675,95.1092,0
PT-00676,99.464,0
PT-00677,99.6702,0
PT-00678,97.803,0
PT-00679,98.328,0
PT-00680,95.9332,0
PT-00681,97.8541,0
PT-00682,99.5154,0
PT-00683,99.6826,0
PT-00684,96.4932,0
PT-00685,99.1011,0
PT-00686,98.3194,0
PT-00687,99.6285,0
PT-00688,99.4174,0
PT-00689,99.1158,0
PT-00690,98.5711,0
PT-00691,96.7252,0
PT-00692,99.5645,0
PT-00693,99.3115,0
PT-00694,98.7712,0
PT-00695,99.3934,0
PT-00696,99.4656,0
PT-00697,99.5935,0
PT-00698,98.4284,0
PT-00699,98.1612,0
PT-00700,99.4158,0
PT-00701,99.622,0
PT-00702,97.0677,0
PT-00703,94.8634,0
PT-00704,98.9304,0
PT-00705,96.6595,0
PT-00706,97.7438,0
PT-00707,99.5978,0
PT-00708,99.6138,0
PT-00709,99.156,0
PT-00710,96.9332,0
PT-00711,96.4746,0
PT-00712,96.8328,0
PT-00713,92.0169,0
PT-00714,98.278,0
PT-00715,99.295,0
PT-00716,97.3017,0
PT-00717,96.6784,0
PT-00718,96.6951,0
PT-00719,99.2313,0
PT-00720,99.0374,0
PT-00721,96.931,0
PT-00722,97.4179,0
PT-00723,99.6876,0
PT-00724,99.3634,0
PT-00725,99.404,0
PT-00726,99.6881,0
PT-00727,99.32,0
PT-00728,96.5744,0
PT-00729,96.9793,0
PT-00730,92.6949,0
PT-00731,99.3142,0
PT-00732,99.0423,0
PT-00733,99.3812,0
PT-00734,98.2203,0
PT-00735,95.6689,0
PT-00736,98.8328,0
PT-00737,99.545,0
PT-00738,98.2182,0
PT-00739,98.7065,0
PT-00740,99.6233,0
PT-00741,99.6788,0
PT-00742,97.8813,0
PT-00743,98.2962,0
PT-00744,99.6893,0
PT-00745,95.2799,0
PT-00746,99.6794,0
PT-00747,99.4524,0
PT-00748,98.3765,0
PT-00749,97.8191,0
PT-00750,99.3974,0
PT-00751,95.7774,0
PT-00752,96.7698,0
PT-00753,98.2246,0
PT-00754,94.9556,0
PT-00755,91.5925,0
PT-00756,99.6104,0
PT-00757,95.7746,0
PT-00758,99.5967,0
PT-00759,99.6901,0
PT-00760,97.4344,0
PT-00761,99.6365,0
PT-00762,99.2367,0
PT-00763,99.6898,0
PT-00764,99.4225,0
PT-00765,99.2632,0
PT-00766,99.6816,0
PT-00767,99.6023,0
PT-00768,99.68,0
PT-00769,99.336,0
PT-00770,99.5619,0
PT-00771,99.4793,0
PT-00772,96.1526,0
PT-00773,98.7593,0
PT-00774,96.592,0
PT-00775,99.6902,0
PT-00776,99.2808,0
PT-00777,99.5713,0
PT-00778,98.3799,0
PT-00779,99.6356,0
PT-00780,99.1888,0
PT-00781,93.8981,0
PT-00782,97.9835,0
PT-00783,95.9493,0
PT-00784,99.6282,0
PT-00785,97.4189,0
PT-00786,99.481,0
PT-00787,99.0674,0
PT-00788,99.5203,0
PT-00789,98.0596,0
PT-00790,95.468,0
PT-00791,90.579,0
PT-00792,94.1856,0
PT-00793,99.474,0
PT-00794,98.769,0
PT-00795,99.6741,0
PT-00796,99.1959,0
PT-00797,99.6875,0
PT-00798,99.5317,0
PT-00799,98.5821,0
PT-00800,99.0467,0
PT-00801,97.9208,0
PT-00802,99.2777,0
PT-00803,96.8192,0
PT-00804,99.4816,0
PT-00805,99.3458,0
PT-00806,99.3898,0
PT-00807,98.8553,0
PT-00808,99.6062,0
PT-00809,98.2328,0
PT-00810,97.6103,0
PT-00811,99.6861,0
PT-00812,99.6794,0
PT-00813,98.6254,0
PT-00814,90.4367,0
PT-00815,99.4035,0
PT-00816,74.679,1
PT-00817,98.9533,0
PT-00818,97.7561,0
PT-00819,99.1152,0
PT-00820,99.495,0
PT-00821,98.4481,0
PT-00822,97.5981,0
PT-00823,97.2816,0
PT-00824,99.2294,0
PT-00825,98.7791,0
PT-00826,99.6841,0
PT-00827,99.514,0
PT-00828,99.6632,0
PT-00829,99.6512,0
PT-00830,99.69,0
PT-00831,95.5567,0
PT-00832,99.6102,0
PT-00833,97.9853,0
PT-00834,96.5629,0
PT-00835,98.3742,0
PT-00836,94.2753,0
PT-00837,97.8609,0
PT-00838,97.6138,0
PT-00839,97.7769,0
PT-00840,99.0466,0
PT-00841,99.6873,0
PT-00842,95.5175,0
PT-00843,97.3073,0
PT-00844,97.546,0
PT-00845,99.4733,0
PT-00846,86.4197,1
PT-00847,99.3401,0
PT-00848,99.6593,0
PT-00849,99.6718,0
PT-00850,98.0911,0
PT-00851,95.0466,0
PT-00852,98.6787,0
PT-00853,99.581,0
PT-00854,99.2314,0
PT-00855,99.6477,0
PT-00856,97.3584,0
PT-00857,97.6126,0
PT-00858,94.3424,0
PT-00859,96.9754,0
PT-00860,99.4901,0
PT-00861,99.5628,0
PT-00862,96.9736,0
PT-00863,99.279,0
PT-00864,99.6866,0
PT-00865,99.4802,0
PT-00866,97.2346,0
PT-00867,98.1507,0
PT-00868,96.544,0
PT-00869,99.3225,0
PT-00870,99.4137,0
PT-00871,98.5645,0
PT-00872,99.6882,0
PT-00873,99.6496,0
PT-00874,97.343,0
PT-00875,99.0444,0
PT-00876,97.0484,0
PT-00877,99.2359,0
PT-00878,97.8277,0
PT-00879,95.1315,0
PT-00880,99.4247,0
PT-00881,91.284,0
PT-00882,97.386,0
PT-00883,99.5272,0
PT-00884,99.6306,0
PT-00885,97.9462,0
PT-00886,97.7008,0
PT-00887,99.3886,0
PT-00888,94.6866,0
PT-00889,94.0915,0
PT-00890,99.488,0
PT-00891,99.5684,0
PT-00892,98.4209,0
PT-00893,99.6073,0
PT-00894,97.3615,0
PT-00895,99.1497,0
PT-00896,99.4158,0
PT-00897,98.859,0
PT-00898,98.0392,0
PT-00899,95.6829,0
PT-00900,98.9588,0
PT-00901,96.4514,0
PT-00902,99.5305,0
PT-00903,99.6784,0
PT-00904,96.509,0
PT-00905,98.3353,0
PT-00906,96.8171,0
PT-00907,98.1536,0
PT-00908,99.6485,0
PT-00909,99.318,0
PT-00910,99.0331,0
PT-00911,99.3404,0
PT-00912,99.6251,0
PT-00913,99.4966,0
PT-00914,98.1015,0
PT-00915,99.5975,0
PT-00916,99.1915,0
PT-00917,98.8163,0
PT-00918,88.9816,1
PT-00919,99.4997,0
PT-00920,95.1776,0
PT-00921,98.8189,0
PT-00922,99.6349,0
PT-00923,99.5732,0
PT-00924,99.5097,0
PT-00925,99.4648,0
PT-00926,99.531,0
PT-00927,98.8156,0
PT-00928,98.0755,0
PT-00929,99.0716,0
PT-00930,99.5855,0
PT-00931,96.2211,0
PT-00932,98.7292,0
PT-00933,87.9495,1
PT-00934,98.8575,0
PT-00935,99.5326,0
PT-00936,99.6173,0
PT-00937,96.8717,0
PT-00938,97.8925,0
PT-00939,89.448,1
PT-00940,99.6024,0
PT-00941,97.1198,0
PT-00942,98.0466,0
PT-00943,99.1661,0
PT-00944,97.2608,0
PT-00945,98.9802,0
PT-00946,99.0603,0
PT-00947,99.5046,0
PT-00948,99.6446,0
PT-00949,97.1053,0
PT-00950,99.6232,0
PT-00951,99.6411,0
PT-00952,96.6451,0
PT-00953,92.2594,0
PT-00954,98.7823,0
PT-00955,96.8634,0
PT-00956,99.5443,0
PT-00957,99.5557,0
PT-00958,98.9059,0
PT-00959,99.325,0
PT-00960,99.6477,0
PT-00961,98.0844,0
PT-00962,99.3372,0
PT-00963,99.6628,0
PT-00964,96.7087,0
PT-00965,96.8383,0
PT-00966,98.5804,0
PT-00967,99.6486,0
PT-00968,99.5951,0
PT-00969,93.1875,0
PT-00970,99.6575,0
PT-00971,96.0148,0
PT-00972,99.6834,0
PT-00973,98.6022,0
PT-00974,99.2881,0
PT-00975,96.6892,0
PT-00976,99.4992,0
PT-00977,99.6802,0
PT-00978,96.4095,0
PT-00979,99.4601,0
PT-00980,98.2578,0
PT-00981,99.0485,0
PT-00982,97.5908,0
PT-00983,99.6867,0
PT-00984,90.408,0
PT-00985,96.8691,0
PT-00986,99.6725,0
PT-00987,87.0153,1
PT-00988,97.3003,0
PT-00989,98.7325,0
PT-00990,99.5137,0
PT-00991,98.2303,0
PT-00992,98.3304,0
PT-00993,99.5795,0
PT-00994,97.3114,0
PT-00995,99.0727,0
PT-00996,99.5316,0
PT-00997,99.3985,0
PT-00998,99.6891,0
PT-00999,98.6203,0
PT-01000,98.1605,0
PT-01001,99.1964,0
PT-01002,98.8686,0
PT-01003,97.8331,0
PT-01004,98.632,0
PT-01005,98.0149,0
PT-01006,99.0818,0
PT-01007,95.8769,0
PT-01008,88.0897,1
PT-01009,97.4568,0
PT-01010,98.6321,0
PT-01011,96.775,0
PT-01012,99.4931,0
PT-01013,99.609,0
PT-01014,99.2245,0
PT-01015,99.6106,0
PT-01016,93.5959,0
PT-01017,99.1149,0
PT-01018,99.1792,0
PT-01019,99.651,0
PT-01020,97.5292,0
PT-01021,98.6698,0
PT-01022,97.9599,0
PT-01023,96.8594,0
PT-01024,94.8889,0
PT-01025,99.658,0
PT-01026,91.2486,0
PT-01027,99.0144,0
PT-01028,99.0094,0
PT-01029,99.6819,0
PT-01030,95.0803,0
PT-01031,99.5829,0
PT-01032,99.6507,0
PT-01033,99.6702,0
PT-01034,99.5323,0
PT-01035,99.4954,0
PT-01036,92.7801,0
PT-01037,97.4646,0
PT-01038,99.6489,0
PT-01039,99.6092,0
PT-01040,98.9342,0
PT-01041,95.4309,0
PT-01042,97.6934,0
PT-01043,98.9334,0
PT-01044,96.5109,0
PT-01045,99.6841,0
PT-01046,99.1721,0
PT-01047,99.1621,0
PT-01048,99.4664,0
PT-01049,99.2038,0
PT-01050,96.2272,0
PT-01051,99.0984,0
PT-01052,95.8163,0
PT-01053,98.2486,0
PT-01054,98.6396,0
PT-01055,99.3654,0
PT-01056,99.6582,0
PT-01057,92.1169,0
PT-01058,99.6251,0
PT-01059,91.7819,0
PT-01060,98.4852,0
PT-01061,99.5781,0
PT-01062,98.5275,0
PT-01063,99.6188,0
PT-01064,99.5567,0
PT-01065,98.4573,0
PT-01066,95.8172,0
PT-01067,81.1827,1
PT-01068,97.4922,0
PT-01069,99.6793,0
PT-01070,99.2542,0
PT-01071,95.2777,0
PT-01072,96.0257,0
PT-01073,99.6637,0
PT-01074,99.1771,0
PT-01075,99.0312,0
PT-01076,86.1933,1
PT-01077,92.9835,0
PT-01078,99.0985,0
PT-01079,99.4243,0
PT-01080,91.3446,0
PT-01081,99.4122,0
PT-01082,96.581,0
PT-01083,99.3082,0
PT-01084,90.448,0
PT-01085,91.4271,0
PT-01086,96.6604,0
PT-01087,93.1908,0
PT-01088,98.727,0
PT-01089,99.4512,0
PT-01090,98.1517,0
PT-01091,96.9916,0
PT-01092,98.2903,0
PT-01093,91.339,0
PT-01094,99.5751,0
PT-01095,94.8934,0
PT-01096,99.427,0
PT-01097,99.2881,0
PT-01098,99.6068,0
PT-01099,97.1743,0
PT-01100,97.9061,0
PT-01101,99.6816,0
PT-01102,99.5246,0
PT-01103,99.6304,0
PT-01104,92.9503,0
PT-01105,98.6594,0
PT-01106,99.294,0
PT-01107,99.497,0
PT-01108,99.1305,0
PT-01109,98.1115,0
PT-01110,99.548,0
PT-01111,99.5737,0
PT-01112,98.1988,0
PT-01113,99.516,0
PT-01114,99.2101,0
PT-01115,99.3598,0
PT-01116,99.6033,0
PT-01117,99.6315,0
PT-01118,99.403,0
PT-01119,98.286,0
PT-01120,99.4725,0
PT-01121,99.5642,0
PT-01122,94.1735,0
PT-01123,99.2817,0
PT-01124,99.5085,0
PT-01125,97.75,0
PT-01126,99.5818,0
PT-01127,96.9743,0
PT-01128,98.9538,0
PT-01129,98.3538,0
PT-01130,98.7516,0
PT-01131,96.8843,0
PT-01132,98.8792,0
PT-01133,94.2975,0
PT-01134,98.0188,0
PT-01135,97.638,0
PT-01136,87.7408,1
PT-01137,74.855,1
PT-01138,92.8674,0
PT-01139,97.9646,0
PT-01140,95.9351,0
PT-01141,91.5391,0
PT-01142,98.8309,0
PT-01143,95.353,0
PT-01144,99.5232,0
PT-01145,83.5274,1
PT-01146,99.1021,0
PT-01147,99.5996,0
PT-01148,97.4234,0
PT-01149,88.5829,1
PT-01150,95.751,0
PT-01151,99.0654,0
PT-01152,99.2423,0
PT-01153,99.0386,0
PT-01154,98.6739,0
PT-01155,99.5938,0
PT-01156,99.447,0
PT-01157,84.2454,1
PT-01158,99.6852,0
PT-01159,98.3748,0
PT-01160,97.206,0
PT-01161,99.6627,0
PT-01162,96.4229,0
PT-01163,97.6862,0
PT-01164,98.3631,0
PT-01165,99.4191,0
PT-01166,97.2271,0
PT-01167,99.5508,0
PT-01168,94.9976,0
PT-01169,99.5277,0
PT-01170,99.5583,0
PT-01171,92.3105,0
PT-01172,97.9134,0
PT-01173,99.0985,0
PT-01174,99.5223,0
PT-01175,99.2404,0
PT-01176,97.0307,0
PT-01177,98.0957,0
PT-01178,89.258,1
PT-01179,99.3803,0
PT-01180,99.6663,0
PT-01181,92.6612,0
PT-01182,93.8956,0
PT-01183,99.4657,0
PT-01184,99.5591,0
PT-01185,98.2953,0
PT-01186,98.8719,0
PT-01187,99.2197,0
PT-01188,99.4629,0
PT-01189,95.745,0
PT-01190,99.2,0
PT-01191,99.6368,0
PT-01192,99.2743,0
PT-01193,95.7694,0
PT-01194,88.015,1
PT-01195,94.9882,0
PT-01196,96.9604,0
PT-01197,99.2966,0
PT-01198,99.5178,0
PT-01199,99.615,0
PT-01200,98.8933,0
PT-01201,95.9507,0
PT-01202,87.7273,1
PT-01203,99.5127,0
PT-01204,97.1366,0
PT-01205,99.688,0
PT-01206,99.6842,0
PT-01207,98.3255,0
PT-01208,99.6647,0
PT-01209,97.7954,0
PT-01210,99.4638,0
PT-01211,98.5476,0
PT-01212,94.9408,0
PT-01213,89.861,1
PT-01214,99.5039,0
PT-01215,99.2118,0
PT-01216,84.0411,1
PT-01217,86.9206,1
PT-01218,89.5093,1
PT-01219,98.3508,0
PT-01220,98.592,0
PT-01221,99.5431,0
PT-01222,97.2553,0
PT-01223,98.4467,0
PT-01224,96.8748,0
PT-01225,99.6744,0
PT-01226,99.4657,0
PT-01227,98.9449,0
PT-01228,99.6765,0
PT-01229,92.3035,0
PT-01230,93.608,0
PT-01231,98.8572,0
PT-01232,96.1294,0
PT-01233,98.8307,0
PT-01234,94.7382,0
PT-01235,98.203,0
PT-01236,99.5577,0
PT-01237,99.2824,0
PT-01238,96.1453,0
PT-01239,99.2876,0
PT-01240,98.2648,0
PT-01241,99.259,0
PT-01242,97.5055,0
PT-01243,99.2972,0
PT-01244,95.4604,0
PT-01245,92.5121,0
PT-01246,99.5822,0
PT-01247,99.382,0
PT-01248,99.6566,0
PT-01249,99.5302,0
PT-01250,98.429,0
PT-01251,96.326,0
PT-01252,99.422,0
PT-01253,99.6655,0
PT-01254,99.2661,0
PT-01255,96.7654,0
PT-01256,94.015,0
PT-01257,99.1765,0
PT-01258,96.1743,0
PT-01259,99.6593,0
PT-01260,98.9732,0
PT-01261,99.676,0
PT-01262,92.1934,0
PT-01263,99.1958,0
PT-01264,99.6529,0
PT-01265,95.691,0
PT-01266,99.3505,0
PT-01267,99.0535,0
PT-01268,98.1379,0
PT-01269,99.6687,0
PT-01270,98.4798,0
PT-01271,97.5134,0
PT-01272,97.2921,0
PT-01273,97.903,0
PT-01274,91.6357,0
PT-01275,98.0157,0
PT-01276,99.6337,0
PT-01277,98.938,0
PT-01278,99.5529,0
PT-01279,91.9651,0
PT-01280,99.1969,0
PT-01281,99.1035,0
PT-01282,99.6883,0
PT-01283,99.1672,0
PT-01284,99.4905,0
PT-01285,96.975,0
PT-01286,98.597,0
PT-01287,97.2358,0
PT-01288,98.9505,0
PT-01289,99.6389,0
PT-01290,99.1512,0
PT-01291,97.5771,0
PT-01292,98.8972,0
PT-01293,99.5501,0
PT-01294,99.6451,0
PT-01295,99.6752,0
PT-01296,97.1805,0
PT-01297,94.7332,0
PT-01298,96.1005,0
PT-01299,99.6324,0
PT-01300,89.2507,1
PT-01301,98.6254,0
PT-01302,99.6711,0
PT-01303,99.4794,0
PT-01304,96.7214,0
PT-01305,99.4305,0
PT-01306,99.6685,0
PT-01307,99.2554,0
PT-01308,91.068,0
PT-01309,99.4858,0
PT-01310,95.8741,0
PT-01311,99.3166,0
PT-01312,99.1229,0
PT-01313,98.777,0
PT-01314,99.6886,0
PT-01315,99.6877,0
PT-01316,99.4747,0
PT-01317,99.301,0
PT-01318,99.6885,0
PT-01319,99.6554,0
PT-01320,99.6838,0
PT-01321,94.621,0
PT-01322,98.7665,0
PT-01323,99.688,0
PT-01324,98.5143,0
PT-01325,99.1614,0
PT-01326,98.4921,0
PT-01327,95.3502,0
PT-01328,99.3704,0
PT-01329,98.2472,0
PT-01330,99.5813,0
PT-01331,90.5728,0
PT-01332,99.5631,0
PT-01333,98.3602,0
PT-01334,99.605,0
PT-01335,99.1834,0
PT-01336,98.6731,0
PT-01337,92.9747,0
PT-01338,99.4832,0
PT-01339,98.5308,0
PT-01340,97.8612,0
PT-01341,98.9356,0
PT-01342,97.1184,0
PT-01343,99.3385,0
PT-01344,85.5058,1
PT-01345,99.6235,0
PT-01346,98.4807,0
PT-01347,99.2007,0
PT-01348,81.5278,1
PT-01349,99.6719,0
PT-01350,99.6558,0
PT-01351,95.6159,0
PT-01352,89.8697,0
PT-01353,90.1724,0
PT-01354,97.5804,0
PT-01355,97.9218,0
PT-01356,99.6776,0
PT-01357,99.5948,0
PT-01358,99.6005,0
PT-01359,99.0649,0
PT-01360,99.0767,0
PT-01361,95.5937,0
PT-01362,99.3421,0
PT-01363,99.4704,0
PT-01364,99.6868,0
PT-01365,98.4175,0
PT-01366,94.6203,0
PT-01367,96.4305,0
PT-01368,95.392,0
PT-01369,99.6705,0
PT-01370,98.872,0
PT-01371,98.9324,0
PT-01372,99.2787,0
PT-01373,96.224,0
PT-01374,98.8417,0
PT-01375,99.514,0
PT-01376,99.0918,0
PT-01377,99.144,0
PT-01378,99.2629,0
PT-01379,93.5484,0
PT-01380,97.9335,0
PT-01381,97.8153,0
PT-01382,99.6541,0
PT-01383,99.6365,0
PT-01384,92.9098,0
PT-01385,99.518,0
PT-01386,99.6886,0
PT-01387,97.973,0
PT-01388,99.5093,0
PT-01389,99.3476,0
PT-01390,99.6894,0
PT-01391,99.4334,0
PT-01392,98.9879,0
PT-01393,99.3606,0
PT-01394,93.4885,0
PT-01395,92.6268,0
PT-01396,92.4149,0
PT-01397,86.3224,1
PT-01398,94.6997,0
PT-01399,99.5293,0
PT-01400,90.746,0
PT-01401,99.174,0
PT-01402,99.6639,0
PT-01403,99.4992,0
PT-01404,97.2525,0
PT-01405,98.9738,0
PT-01406,93.34,0
PT-01407,97.2901,0
PT-01408,98.8396,0
PT-01409,98.967,0
PT-01410,99.5035,0
PT-01411,99.5027,0
PT-01412,99.5335,0
PT-01413,97.616,0
PT-01414,97.1464,0
PT-01415,96.4765,0
PT-01416,99.689,0
PT-01417,98.4382,0
PT-01418,98.789,0
PT-01419,99.5038,0
PT-01420,99.4345,0
PT-01421,83.4231,1
PT-01422,89.8752,0
PT-01423,99.6852,0
PT-01424,97.7106,0
PT-01425,96.7092,0
PT-01426,99.6864,0
PT-01427,98.0659,0
PT-01428,99.4973,0
PT-01429,99.5369,0
PT-01430,94.5556,0
PT-01431,93.4896,0
PT-01432,99.596,0
PT-01433,99.6795,0
PT-01434,99.522,0
PT-01435,99.6472,0
PT-01436,95.7687,0
PT-01437,94.7313,0
PT-01438,99.563,0
PT-01439,99.635,0
PT-01440,95.2686,0
PT-01441,99.5273,0
PT-01442,99.6805,0
PT-01443,96.2177,0
PT-01444,99.6789,0
PT-01445,88.8623,1
PT-01446,99.0921,0
PT-01447,91.9224,0
PT-01448,82.8856,1
PT-01449,99.5322,0
PT-01450,99.6769,0
PT-01451,99.4706,0
PT-01452,99.6451,0
PT-01453,96.7609,0
PT-01454,99.5651,0
PT-01455,99.3409,0
PT-01456,99.6779,0
PT-01457,95.9995,0
PT-01458,91.3682,0
PT-01459,99.4668,0
PT-01460,99.4807,0
PT-01461,97.0917,0
PT-01462,99.6287,0
PT-01463,98.5404,0
PT-01464,99.6526,0
PT-01465,97.5685,0
PT-01466,99.316,0
PT-01467,99.3748,0
PT-01468,99.608,0
PT-01469,99.667,0
PT-01470,98.9081,0
PT-01471,98.0262,0
PT-01472,99.6153,0
PT-01473,99.6858,0
PT-01474,98.8689,0
PT-01475,99.5872,0
PT-01476,98.828,0
PT-01477,99.6716,0
PT-01478,98.1646,0
PT-01479,99.6583,0
PT-01480,99.6798,0
PT-01481,97.3601,0
PT-01482,94.0499,0
PT-01483,99.413,0
PT-01484,96.9011,0
PT-01485,97.3466,0
PT-01486,99.0623,0
PT-01487,99.1898,0
PT-01488,99.197,0
PT-01489,99.05,0
PT-01490,99.2281,0
PT-01491,92.7151,0
PT-01492,99.0003,0
PT-01493,94.2264,0
PT-01494,90.104,0
PT-01495,87.3795,1
PT-01496,95.64,0
PT-01497,94.1645,0
PT-01498,99.1436,0
PT-01499,97.2968,0
PT-01500,94.8384,0
PT-01501,99.6455,0
PT-01502,89.2099,1
PT-01503,98.3408,0
PT-01504,97.8909,0
PT-01505,99.6586,0
PT-01506,89.51,1
PT-01507,98.1168,0
PT-01508,99.6724,0
PT-01509,99.556,0
PT-01510,99.4599,0
PT-01511,99.489,0
PT-01512,94.5804,0
PT-01513,99.5504,0
PT-01514,96.5578,0
PT-01515,99.5384,0
PT-01516,97.0139,0
PT-01517,99.2255,0
PT-01518,99.6479,0
PT-01519,99.106,0
PT-01520,96.7455,0
PT-01521,98.3707,0
PT-01522,98.4922,0
PT-01523,98.5247,0
PT-01524,89.5984,1
PT-01525,99.0495,0
PT-01526,98.5045,0
PT-01527,99.45,0
PT-01528,96.9422,0
PT-01529,96.5099,0
PT-01530,99.6515,0
PT-01531,98.1417,0
PT-01532,99.671,0
PT-01533,98.2425,0
PT-01534,99.6278,0
PT-01535,99.2595,0
PT-01536,98.5361,0
PT-01537,93.0368,0
PT-01538,97.6143,0
PT-01539,99.4213,0
PT-01540,99.6509,0
PT-01541,95.0545,0
PT-01542,99.6801,0
PT-01543,90.1299,0
PT-01544,99.1412,0
PT-01545,97.0501,0
PT-01546,98.0811,0
PT-01547,89.9026,0
PT-01548,99.5362,0
PT-01549,99.309,0
PT-01550,99.5924,0
PT-01551,99.022,0
PT-01552,99.2819,0
PT-01553,66.0022,1
PT-01554,99.5666,0
PT-01555,99.1138,0
PT-01556,98.3018,0
PT-01557,97.1776,0
PT-01558,97.8255,0
PT-01559,98.0341,0
PT-01560,99.375,0
PT-01561,98.8043,0
PT-01562,92.8932,0
PT-01563,99.469,0
PT-01564,99.6565,0
PT-01565,97.2784,0
PT-01566,95.4538,0
PT-01567,95.0047,0
PT-01568,99.6843,0
PT-01569,98.2696,0
PT-01570,99.6069,0
PT-01571,97.5812,0
PT-01572,96.1781,0
PT-01573,99.547,0
PT-01574,99.4345,0
PT-01575,99.3319,0
PT-01576,98.8916,0
PT-01577,99.5738,0
PT-01578,98.4585,0
PT-01579,97.3597,0
PT-01580,99.6629,0
PT-01581,89.3939,1
PT-01582,98.6919,0
PT-01583,98.2244,0
PT-01584,99.6475,0
PT-01585,98.7869,0
PT-01586,99.4787,0
PT-01587,98.2437,0
PT-01588,86.877,1
PT-01589,95.218,0
PT-01590,99.564,0
PT-01591,97.6801,0
PT-01592,99.4873,0
PT-01593,99.3725,0
PT-01594,98.7314,0
PT-01595,99.037,0
PT-01596,96.0432,0
PT-01597,99.5888,0
PT-01598,99.411,0
PT-01599,96.9591,0
PT-01600,94.9932,0
PT-01601,94.099,0
PT-01602,99.687,0
PT-01603,98.1706,0
PT-01604,98.4925,0
PT-01605,99.6759,0
PT-01606,99.1404,0
PT-01607,97.3413,0
PT-01608,96.3267,0
PT-01609,95.7117,0
PT-01610,91.4545,0
PT-01611,92.3534,0
PT-01612,97.9011,0
PT-01613,99.2793,0
PT-01614,94.4492,0
PT-01615,99.6599,0
PT-01616,98.8934,0
PT-01617,99.6382,0
PT-01618,66.9407,1
PT-01619,99.597,0
PT-01620,99.6784,0
PT-01621,96.8777,0
PT-01622,98.3245,0
PT-01623,98.8448,0
PT-01624,98.5408,0
PT-01625,96.4328,0
PT-01626,99.3468,0
PT-01627,99.4972,0
PT-01628,99.0351,0
PT-01629,98.3575,0
PT-01630,99.4542,0
PT-01631,99.6271,0
PT-01632,99.639,0
PT-01633,98.205,0
PT-01634,98.9056,0
PT-01635,99.0146,0
PT-01636,98.1164,0
PT-01637,88.7554,1
PT-01638,99.316,0
PT-01639,98.7767,0
PT-01640,99.6285,0
PT-01641,99.6659,0
PT-01642,99.6327,0
PT-01643,99.6157,0
PT-01644,97.6444,0
PT-01645,98.8164,0
PT-01646,98.6185,0
PT-01647,96.1539,0
PT-01648,96.6652,0
PT-01649,95.1116,0
PT-01650,96.7109,0
PT-01651,98.7203,0
PT-01652,99.3297,0
PT-01653,99.2839,0
PT-01654,99.6247,0
PT-01655,86.1045,1
PT-01656,99.5357,0
PT-01657,95.1839,0
PT-01658,99.2144,0
PT-01659,99.4278,0
PT-01660,99.6779,0
PT-01661,93.5218,0
PT-01662,99.071,0
PT-01663,99.6392,0
PT-01664,99.4913,0
PT-01665,98.0438,0
PT-01666,99.5566,0
PT-01667,99.6313,0
PT-01668,98.906,0
PT-01669,94.0755,0
PT-01670,97.0815,0
PT-01671,99.6585,0
PT-01672,99.4997,0
PT-01673,99.4875,0
PT-01674,96.2377,0
PT-01675,94.2962,0
PT-01676,99.2753,0
PT-01677,97.7851,0
PT-01678,98.1993,0
PT-01679,99.3611,0
PT-01680,99.6212,0
PT-01681,98.2958,0
PT-01682,98.424,0
PT-01683,98.9066,0
PT-01684,96.8655,0
PT-01685,97.4467,0
PT-01686,99.0582,0
PT-01687,99.3165,0
PT-01688,95.7076,0
PT-01689,99.4492,0
PT-01690,95.4424,0
PT-01691,97.4049,0
PT-01692,98.0014,0
PT-01693,94.122,0
PT-01694,99.6142,0
PT-01695,99.6745,0
PT-01696,98.7078,0
PT-01697,99.3988,0
PT-01698,98.0182,0
PT-01699,99.3273,0
PT-01700,99.6793,0
PT-01701,99.5375,0
PT-01702,98.6783,0
PT-01703,99.2204,0
PT-01704,99.5534,0
PT-01705,91.7293,0
PT-01706,99.6753,0
PT-01707,98.9976,0
PT-01708,98.1608,0
PT-01709,97.1161,0
PT-01710,96.2891,0
PT-01711,96.4097,0
PT-01712,99.6497,0
PT-01713,95.2934,0
PT-01714,99.251,0
PT-01715,93.9146,0
PT-01716,98.2684,0
PT-01717,96.2489,0
PT-01718,98.736,0
PT-01719,99.403,0
PT-01720,95.0802,0
PT-01721,99.6886,0
PT-01722,98.4403,0
PT-01723,98.3196,0
PT-01724,92.3644,0
PT-01725,99.1892,0
PT-01726,99.2962,0
PT-01727,97.5747,0
PT-01728,99.3149,0
PT-01729,99.6851,0
PT-01730,99.6468,0
PT-01731,97.2954,0
PT-01732,99.408,0
PT-01733,99.3678,0
PT-01734,97.502,0
PT-01735,99.6793,0
PT-01736,98.9884,0
PT-01737,98.3748,0
PT-01738,96.6984,0
PT-01739,96.7691,0
PT-01740,98.9263,0
PT-01741,98.7104,0
PT-01742,96.3761,0
PT-01743,99.6828,0
PT-01744,96.2906,0
PT-01745,99.6101,0
PT-01746,99.5472,0
PT-01747,92.7835,0
PT-01748,99.4247,0
PT-01749,99.6623,0
PT-01750,99.644,0
PT-01751,98.3634,0
PT-01752,99.178,0
PT-01753,99.4021,0
PT-01754,93.6164,0
PT-01755,98.5227,0
PT-01756,90.1414,0
PT-01757,99.4344,0
PT-01758,99.493,0
PT-01759,98.404,0
PT-01760,95.1234,0
PT-01761,99.303,0
PT-01762,99.5161,0
PT-01763,99.5968,0
PT-01764,99.3545,0
PT-01765,96.8884,0
PT-01766,95.6757,0
PT-01767,96.1166,0
PT-01768,99.687,0
PT-01769,99.4629,0
PT-01770,99.1579,0
PT-01771,99.2771,0
PT-01772,83.0675,1
PT-01773,93.779,0
PT-01774,99.6402,0
PT-01775,98.3349,0
PT-01776,95.8433,0
PT-01777,98.6447,0
PT-01778,99.0709,0
PT-01779,98.5838,0
PT-01780,99.607,0
PT-01781,95.6188,0
PT-01782,99.5104,0
PT-01783,98.2648,0
PT-01784,98.4922,0
PT-01785,99.6355,0
PT-01786,99.677,0
PT-01787,94.242,0
PT-01788,87.0444,1
PT-01789,98.2769,0
PT-01790,97.4234,0
PT-01791,97.5327,0
PT-01792,98.6673,0
PT-01793,99.1928,0
PT-01794,99.6843,0
PT-01795,99.2878,0
PT-01796,96.4254,0
PT-01797,98.4462,0
PT-01798,96.7143,0
PT-01799,91.2275,0
PT-01800,99.4566,0
PT-01801,96.6052,0
PT-01802,97.5579,0
PT-01803,98.8622,0
PT-01804,99.649,0
PT-01805,99.0639,0
PT-01806,99.4367,0
PT-01807,99.5551,0
PT-01808,99.1401,0
PT-01809,98.0547,0
PT-01810,99.4196,0
PT-01811,99.0237,0
PT-01812,98.6422,0
PT-01813,99.6889,0
PT-01814,99.4852,0
PT-01815,97.3139,0
PT-01816,98.9413,0
PT-01817,99.6774,0
PT-01818,96.5261,0
PT-01819,90.105,0
PT-01820,99.4108,0
PT-01821,99.4754,0
PT-01822,95.7831,0
PT-01823,99.3512,0
PT-01824,89.1996,1
PT-01825,98.3059,0
PT-01826,97.2661,0
PT-01827,71.3566,1
PT-01828,99.2371,0
PT-01829,97.593,0
PT-01830,97.0962,0
PT-01831,98.2137,0
PT-01832,97.4536,0
PT-01833,99.657,0
PT-01834,99.163,0
PT-01835,99.4289,0
PT-01836,98.1381,0
PT-01837,99.6875,0
PT-01838,99.3992,0
PT-01839,99.6749,0
PT-01840,97.5595,0
PT-01841,99.6791,0
PT-01842,99.6286,0
PT-01843,97.3173,0
PT-01844,97.0321,0
PT-01845,99.4738,0
PT-01846,99.4933,0
PT-01847,99.152,0
PT-01848,99.3384,0
PT-01849,99.3139,0
PT-01850,99.2439,0
PT-01851,99.5612,0
PT-01852,99.6457,0
PT-01853,97.38,0
PT-01854,99.6276,0
PT-01855,99.5198,0
PT-01856,95.948,0
PT-01857,92.0131,0
PT-01858,99.4762,0
PT-01859,93.4587,0
PT-01860,99.621,0
PT-01861,95.8547,0
PT-01862,99.3501,0
PT-01863,89.9221,0
PT-01864,99.6131,0
PT-01865,94.738,0
PT-01866,98.7065,0
PT-01867,99.5476,0
PT-01868,99.6194,0
PT-01869,98.9826,0
PT-01870,99.0296,0
PT-01871,97.6578,0
PT-01872,93.9536,0
PT-01873,96.6648,0
PT-01874,96.2605,0
PT-01875,99.2758,0
PT-01876,97.3069,0
PT-01877,97.4423,0
PT-01878,99.2719,0
PT-01879,99.3664,0
PT-01880,99.4002,0
PT-01881,99.461,0
PT-01882,99.5819,0
PT-01883,99.6531,0
PT-01884,96.6155,0
PT-01885,96.537,0
PT-01886,99.6849,0
PT-01887,99.4883,0
PT-01888,95.7647,0
PT-01889,99.5843,0
PT-01890,98.0212,0
PT-01891,97.7834,0
PT-01892,96.6906,0
PT-01893,98.6772,0
PT-01894,99.6878,0
PT-01895,92.6731,0
PT-01896,99.1429,0
PT-01897,98.1465,0
PT-01898,96.3884,0
PT-01899,99.1075,0
PT-01900,99.2002,0
PT-01901,97.9626,0
PT-01902,99.6855,0
PT-01903,99.5988,0
PT-01904,99.0398,0
PT-01905,98.0384,0
PT-01906,95.4333,0
PT-01907,98.129,0
PT-01908,93.7859,0
PT-01909,94.8319,0
PT-01910,99.5448,0
PT-01911,99.6821,0
PT-01912,99.5949,0
PT-01913,98.9248,0
PT-01914,98.9882,0
PT-01915,99.6372,0
PT-01916,99.3202,0
PT-01917,98.8344,0
PT-01918,99.6889,0
PT-01919,99.5418,0
PT-01920,99.3823,0
PT-01921,99.5679,0
PT-01922,98.9944,0
PT-01923,91.3241,0
PT-01924,98.189,0
PT-01925,98.4737,0
PT-01926,99.6871,0
PT-01927,96.0923,0
PT-01928,97.5129,0
PT-01929,99.6867,0
PT-01930,99.2018,0
PT-01931,98.8274,0
PT-01932,95.4116,0
PT-01933,99.6811,0
PT-01934,99.1078,0
PT-01935,99.6068,0
PT-01936,99.4909,0
PT-01937,97.6652,0
PT-01938,99.6148,0
PT-01939,98.1184,0
PT-01940,99.6701,0
PT-01941,89.8865,0
PT-01942,87.4029,1
PT-01943,99.3637,0
PT-01944,99.1088,0
PT-01945,97.508,0
PT-01946,99.5509,0
PT-01947,99.6095,0
PT-01948,88.2784,1
PT-01949,99.6523,0
PT-01950,99.4427,0
PT-01951,92.2987,0
PT-01952,99.6886,0
PT-01953,98.652,0
PT-01954,99.612,0
PT-01955,96.7903,0
PT-01956,99.6862,0
PT-01957,97.6246,0
PT-01958,97.9217,0
PT-01959,97.051,0
PT-01960,93.8863,0
PT-01961,99.6081,0
PT-01962,97.2389,0
PT-01963,99.6464,0
PT-01964,99.4141,0
PT-01965,95.7723,0
PT-01966,99.5155,0
PT-01967,98.8093,0
PT-01968,99.2118,0
PT-01969,99.677,0
PT-01970,97.1007,0
PT-01971,98.4314,0
PT-01972,99.5923,0
PT-01973,99.39,0
PT-01974,97.0607,0
PT-01975,99.5969,0
PT-01976,95.0662,0
PT-01977,98.9879,0
PT-01978,96.7293,0
PT-01979,99.5373,0
PT-01980,94.3652,0
PT-01981,99.6296,0
PT-01982,98.4054,0
PT-01983,99.197,0
PT-01984,99.113,0
PT-01985,99.3425,0
PT-01986,97.1425,0
PT-01987,93.6729,0
PT-01988,99.562,0
PT-01989,99.2413,0
PT-01990,99.6639,0
PT-01991,98.6474,0
PT-01992,98.9228,0
PT-01993,99.6614,0
PT-01994,99.0814,0
PT-01995,78.8518,1
PT-01996,99.2064,0
PT-01997,99.6673,0
PT-01998,97.0142,0
PT-01999,99.4389,0
PT-02000,98.6059,0
PT-02001,99.5384,0
PT-02002,99.6388,0
PT-02003,99.6444,0
PT-02004,99.6019,0
PT-02005,95.6669,0
PT-02006,99.5537,0
PT-02007,96.6092,0
PT-02008,97.8141,0
PT-02009,99.395,0
PT-02010,99.478,0
PT-02011,99.682,0
PT-02012,99.3413,0
PT-02013,99.2042,0
PT-02014,99.3013,0
PT-02015,99.179,0
PT-02016,97.8785,0
PT-02017,98.817,0
PT-02018,99.6665,0
PT-02019,94.5143,0
PT-02020,99.0838,0
PT-02021,91.1726,0
PT-02022,97.7782,0
PT-02023,99.6853,0
PT-02024,98.1104,0
PT-02025,98.852,0
PT-02026,89.4966,1
PT-02027,99.4988,0
PT-02028,98.9615,0
PT-02029,89.221,1
PT-02030,99.0266,0
PT-02031,99.6891,0
PT-02032,96.5901,0
PT-02033,99.5436,0
PT-02034,99.2619,0
PT-02035,98.3318,0
PT-02036,99.5379,0
PT-02037,99.5863,0
PT-02038,99.6716,0
PT-02039,99.0526,0
PT-02040,90.6549,0
PT-02041,99.464,0
PT-02042,94.8647,0
PT-02043,97.4714,0
PT-02044,97.5978,0
PT-02045,95.4539,0
PT-02046,99.6868,0
PT-02047,99.504,0
PT-02048,99.5282,0
PT-02049,99.3447,0
PT-02050,97.948,0
PT-02051,99.6888,0
PT-02052,99.6211,0
PT-02053,99.0318,0
PT-02054,98.0718,0
PT-02055,99.6696,0
PT-02056,94.5624,0
PT-02057,99.2332,0
PT-02058,98.3423,0
PT-02059,98.6894,0
PT-02060,99.1939,0
PT-02061,99.4334,0
PT-02062,99.6724,0
PT-02063,99.5854,0
PT-02064,95.2562,0
PT-02065,99.6481,0
PT-02066,99.5869,0
PT-02067,99.404,0
PT-02068,99.4627,0
PT-02069,99.5557,0
PT-02070,99.3304,0
PT-02071,99.6676,0
PT-02072,99.584,0
PT-02073,99.0585,0
PT-02074,98.8573,0
PT-02075,95.8421,0
PT-02076,93.3359,0
PT-02077,97.3381,0
PT-02078,90.5323,0
PT-02079,97.3817,0
PT-02080,99.6774,0
PT-02081,97.7668,0
PT-02082,89.8135,1
PT-02083,99.4523,0
PT-02084,98.1311,0
PT-02085,99.5915,0
PT-02086,99.4401,0
PT-02087,99.507,0
PT-02088,99.5001,0
PT-02089,86.9967,1
PT-02090,99.5701,0
PT-02091,99.68,0
PT-02092,96.3205,0
PT-02093,94.4967,0
PT-02094,99.5343,0
PT-02095,99.4237,0
PT-02096,97.5509,0
PT-02097,99.6865,0
PT-02098,98.5512,0
PT-02099,92.578,0
PT-02100,99.4776,0
PT-02101,95.9429,0
PT-02102,85.262,1
PT-02103,99.2355,0
PT-02104,99.6656,0
PT-02105,99.3752,0
PT-02106,99.4614,0
PT-02107,99.007,0
PT-02108,99.6678,0
PT-02109,99.1485,0
PT-02110,97.1795,0
PT-02111,97.2055,0
PT-02112,95.6809,0
PT-02113,95.1943,0
PT-02114,99.245,0
PT-02115,99.6603,0
PT-02116,97.6642,0
PT-02117,99.3928,0
PT-02118,99.6868,0
PT-02119,97.3719,0
PT-02120,96.1143,0
PT-02121,96.409,0
PT-02122,99.5652,0
PT-02123,99.3877,0
PT-02124,99.0182,0
PT-02125,97.7316,0
PT-02126,98.5442,0
PT-02127,99.6761,0
PT-02128,90.5074,0
PT-02129,99.1195,0
PT-02130,99.6891,0
PT-02131,99.5146,0
PT-02132,98.9989,0
PT-02133,97.6525,0
PT-02134,98.5548,0
PT-02135,98.9263,0
PT-02136,98.3277,0
PT-02137,99.402,0
PT-02138,97.9171,0
PT-02139,97.9176,0
PT-02140,99.5591,0
PT-02141,95.8439,0
PT-02142,98.1646,0
PT-02143,99.6358,0
PT-02144,95.0797,0
PT-02145,99.2593,0
PT-02146,99.4643,0
PT-02147,98.582,0
PT-02148,97.2176,0
PT-02149,99.4418,0
PT-02150,78.1082,1
PT-02151,99.6022,0
PT-02152,99.6901,0
PT-02153,97.323,0
PT-02154,99.5005,0
PT-02155,98.8137,0
PT-02156,98.3352,0
PT-02157,99.5344,0
PT-02158,94.0475,0
PT-02159,94.641,0
PT-02160,99.6532,0
PT-02161,98.0681,0
PT-02162,99.5341,0
PT-02163,98.0007,0
PT-02164,99.4902,0
PT-02165,99.0889,0
PT-02166,98.6667,0
PT-02167,99.372,0
PT-02168,99.0797,0
PT-02169,99.1105,0
PT-02170,99.6485,0
PT-02171,97.7479,0
PT-02172,99.4572,0
PT-02173,99.5498,0
PT-02174,99.5641,0
PT-02175,98.8379,0
PT-02176,98.6804,0
PT-02177,99.5619,0
PT-02178,99.566,0
PT-02179,92.9977,0
PT-02180,98.9879,0
PT-02181,99.5656,0
PT-02182,98.4787,0
PT-02183,99.5667,0
PT-02184,94.5143,0
PT-02185,97.4779,0
PT-02186,99.4703,0
PT-02187,99.4552,0
PT-02188,99.6252,0
PT-02189,98.9634,0
PT-02190,99.3823,0
PT-02191,93.4029,0
PT-02192,98.989,0
PT-02193,99.3794,0
PT-02194,99.6241,0
PT-02195,97.4077,0
PT-02196,99.1145,0
PT-02197,95.3295,0
PT-02198,98.8095,0
PT-02199,99.687,0
PT-02200,97.5327,0
PT-02201,98.1148,0
PT-02202,95.7279,0
PT-02203,96.3441,0
PT-02204,97.5974,0
PT-02205,99.5187,0
PT-02206,94.1695,0
PT-02207,97.9292,0
PT-02208,98.4575,0
PT-02209,98.9082,0
PT-02210,97.508,0
PT-02211,96.7903,0
PT-02212,99.1007,0
PT-02213,98.6091,0
PT-02214,99.061,0
PT-02215,94.5827,0
PT-02216,98.7167,0
PT-02217,98.9501,0
PT-02218,98.6059,0
PT-02219,99.3191,0
PT-02220,99.2693,0
PT-02221,97.9822,0
PT-02222,85.68,1
PT-02223,98.7861,0
PT-02224,96.8027,0
PT-02225,99.3955,0
PT-02226,97.7902,0
PT-02227,99.616,0
PT-02228,99.5456,0
PT-02229,99.6896,0
PT-02230,99.4403,0
PT-02231,87.3003,1
PT-02232,99.5434,0
PT-02233,99.1341,0
PT-02234,99.6441,0
PT-02235,90.8717,0
PT-02236,98.1458,0
PT-02237,96.3719,0
PT-02238,94.3971,0
PT-02239,62.5764,1
PT-02240,99.3124,0
PT-02241,99.6573,0
PT-02242,98.9724,0
PT-02243,99.2358,0
PT-02244,99.5257,0
PT-02245,97.6858,0
PT-02246,99.4203,0
PT-02247,98.0901,0
PT-02248,99.5804,0
PT-02249,98.4382,0
PT-02250,99.1098,0
PT-02251,96.8146,0
PT-02252,98.4048,0
PT-02253,99.5812,0
PT-02254,97.2268,0
PT-02255,99.4126,0
PT-02256,98.8542,0
PT-02257,94.8986,0
PT-02258,97.5268,0
PT-02259,99.0449,0
PT-02260,99.1554,0
PT-02261,98.475,0
PT-02262,96.1465,0
PT-02263,98.229,0
PT-02264,95.8113,0
PT-02265,92.9994,0
PT-02266,99.6486,0
PT-02267,99.1548,0
PT-02268,99.34,0
PT-02269,96.0441,0
PT-02270,96.3557,0
PT-02271,97.5691,0
PT-02272,97.2212,0
PT-02273,99.1856,0
PT-02274,99.4579,0
PT-02275,99.6485,0
PT-02276,99.6877,0
PT-02277,98.7235,0
PT-02278,98.4326,0
PT-02279,98.8566,0
PT-02280,99.2465,0
PT-02281,96.9089,0
PT-02282,99.1368,0
PT-02283,99.4497,0
PT-02284,99.6731,0
PT-02285,99.2675,0
PT-02286,99.4734,0
PT-02287,96.3453,0
PT-02288,98.2869,0
PT-02289,97.501,0
PT-02290,99.2726,0
PT-02291,94.5827,0
PT-02292,99.0598,0
PT-02293,96.5331,0
PT-02294,82.3052,1
PT-02295,99.6757,0
PT-02296,99.6793,0
PT-02297,99.3373,0
PT-02298,99.6874,0
PT-02299,99.6806,0
PT-02300,99.3831,0
PT-02301,99.4428,0
PT-02302,99.5881,0
PT-02303,98.3837,0
PT-02304,99.672,0
PT-02305,95.4955,0
PT-02306,99.6827,0
PT-02307,97.0013,0
PT-02308,99.0632,0
PT-02309,96.6617,0
PT-02310,98.9898,0
PT-02311,95.3282,0
PT-02312,97.3994,0
PT-02313,99.498,0
PT-02314,98.7685,0
PT-02315,99.3759,0
PT-02316,98.6238,0
PT-02317,99.4331,0
PT-02318,99.5444,0
PT-02319,99.5235,0
PT-02320,99.3599,0
PT-02321,99.6837,0
PT-02322,95.936,0
PT-02323,99.247,0
PT-02324,99.4706,0
PT-02325,91.119,0
PT-02326,99.4461,0
PT-02327,99.5838,0
PT-02328,98.1438,0
PT-02329,94.6654,0
PT-02330,94.1561,0
PT-02331,98.6108,0
PT-02332,99.578,0
PT-02333,99.4966,0
PT-02334,92.8075,0
PT-02335,99.6482,0
PT-02336,99.614,0
PT-02337,99.5516,0
PT-02338,91.0748,0
PT-02339,90.9257,0
PT-02340,93.3264,0
PT-02341,98.3495,0
PT-02342,98.5321,0
PT-02343,99.6863,0
PT-02344,99.6038,0
PT-02345,97.9058,0
PT-02346,98.8872,0
PT-02347,99.6141,0
PT-02348,98.9812,0
PT-02349,99.3356,0
PT-02350,99.6821,0
PT-02351,97.4092,0
PT-02352,97.5356,0
PT-02353,95.9193,0
PT-02354,99.5668,0
PT-02355,98.7437,0
PT-02356,99.4269,0
PT-02357,97.5925,0
PT-02358,98.5547,0
PT-02359,96.2231,0
PT-02360,99.2713,0
PT-02361,98.6471,0
PT-02362,99.1863,0
PT-02363,99.4324,0
PT-02364,90.8363,0
PT-02365,95.8596,0
PT-02366,92.2263,0
PT-02367,97.299,0
PT-02368,99.5739,0
PT-02369,99.0875,0
PT-02370,99.6824,0
PT-02371,89.1713,1
PT-02372,99.5468,0
PT-02373,99.3648,0
PT-02374,96.8904,0
PT-02375,98.6984,0
PT-02376,96.2187,0
PT-02377,98.928,0
PT-02378,99.5954,0
PT-02379,96.7132,0
PT-02380,99.6371,0
PT-02381,97.4328,0
PT-02382,98.757,0
PT-02383,93.2197,0
PT-02384,99.6892,0
PT-02385,99.6902,0
PT-02386,99.1027,0
PT-02387,99.5817,0
PT-02388,99.687,0
PT-02389,91.2118,0
PT-02390,97.4798,0
PT-02391,95.7526,0
PT-02392,99.5939,0
PT-02393,92.396,0
PT-02394,99.6812,0
PT-02395,99.5664,0
PT-02396,99.1538,0
PT-02397,98.5233,0
PT-02398,98.8694,0
PT-02399,94.5249,0
PT-02400,98.9554,0
PT-02401,99.6353,0
PT-02402,98.5695,0
PT-02403,98.3588,0
PT-02404,98.2963,0
PT-02405,96.3184,0
PT-02406,98.3038,0
PT-02407,98.5385,0
PT-02408,99.503,0
PT-02409,99.6802,0
PT-02410,99.6071,0
PT-02411,86.5827,1
PT-02412,98.0202,0
PT-02413,98.4912,0
PT-02414,99.6726,0
PT-02415,97.7447,0
PT-02416,99.4957,0
PT-02417,73.0889,1
PT-02418,98.8006,0
PT-02419,91.8129,0
PT-02420,99.0591,0
PT-02421,98.6788,0
PT-02422,95.0171,0
PT-02423,98.5422,0
PT-02424,97.3142,0
PT-02425,97.3073,0
PT-02426,97.0807,0
PT-02427,98.9102,0
PT-02428,99.5413,0
PT-02429,99.364,0
PT-02430,96.1158,0
PT-02431,97.8835,0
PT-02432,98.9693,0
PT-02433,93.1667,0
PT-02434,96.4947,0
PT-02435,99.2795,0
PT-02436,98.469,0
PT-02437,99.5055,0
PT-02438,98.8914,0
PT-02439,94.8053,0
PT-02440,99.5764,0
PT-02441,97.7427,0
PT-02442,98.6021,0
PT-02443,99.33,0
PT-02444,98.4898,0
PT-02445,90.8419,0
PT-02446,99.6801,0
PT-02447,99.6897,0
PT-02448,99.5028,0
PT-02449,97.3818,0
PT-02450,99.5865,0
PT-02451,99.4009,0
PT-02452,99.6558,0
PT-02453,98.3759,0
PT-02454,99.1186,0
PT-02455,99.4173,0
PT-02456,98.8568,0
PT-02457,99.6346,0
PT-02458,99.4726,0
PT-02459,94.9417,0
PT-02460,98.196,0
PT-02461,96.6963,0
PT-02462,93.4157,0
PT-02463,92.1216,0
PT-02464,99.6252,0
PT-02465,89.7672,1
PT-02466,98.7699,0
PT-02467,99.4215,0
PT-02468,99.3376,0
PT-02469,98.7188,0
PT-02470,99.0379,0
PT-02471,97.8676,0
PT-02472,98.1657,0
PT-02473,99.555,0
PT-02474,99.438,0
PT-02475,98.7754,0
PT-02476,96.9855,0
PT-02477,99.4731,0
PT-02478,98.6871,0
PT-02479,99.4578,0
PT-02480,98.8468,0
PT-02481,99.3844,0
PT-02482,99.4281,0
PT-02483,94.4645,0
PT-02484,99.1847,0
PT-02485,98.3279,0
PT-02486,99.6478,0
PT-02487,99.2418,0
PT-02488,98.5742,0
PT-02489,99.4168,0
PT-02490,98.9595,0
PT-02491,94.8616,0
PT-02492,96.4498,0
PT-02493,99.5831,0
PT-02494,99.4093,0
PT-02495,98.527,0
PT-02496,99.6435,0
PT-02497,99.5982,0
PT-02498,99.4714,0
PT-02499,98.8822,0
PT-02500,99.5337,0
PT-02501,99.6817,0
PT-02502,97.6303,0
PT-02503,98.3601,0
PT-02504,99.5111,0
PT-02505,99.58,0
PT-02506,94.7214,0
PT-02507,84.38,1
PT-02508,98.3462,0
PT-02509,99.2244,0
PT-02510,96.8875,0
PT-02511,99.1843,0
PT-02512,96.7477,0
PT-02513,95.6683,0
PT-02514,99.5652,0
PT-02515,97.9115,0
PT-02516,99.6829,0
PT-02517,99.3959,0
PT-02518,99.3004,0
PT-02519,99.6321,0
PT-02520,89.5372,1
PT-02521,98.8839,0
PT-02522,99.2437,0
PT-02523,98.9689,0
PT-02524,99.5663,0
PT-02525,99.125,0
PT-02526,97.5171,0
PT-02527,98.9453,0
PT-02528,98.7211,0
PT-02529,92.5698,0
PT-02530,99.5156,0
PT-02531,95.2628,0
PT-02532,97.6701,0
PT-02533,99.4927,0
PT-02534,99.6333,0
PT-02535,97.2313,0
PT-02536,99.6012,0
PT-02537,97.1114,0
PT-02538,99.2054,0
PT-02539,99.6794,0
PT-02540,99.0379,0
PT-02541,98.6369,0
PT-02542,99.4639,0
PT-02543,98.3342,0
PT-02544,99.5835,0
PT-02545,94.4761,0
PT-02546,99.5986,0
PT-02547,98.1627,0
PT-02548,94.8535,0
PT-02549,96.6403,0
PT-02550,98.3531,0
PT-02551,95.7897,0
PT-02552,99.524,0
PT-02553,99.6421,0
PT-02554,97.805,0
PT-02555,96.4326,0
PT-02556,87.2772,1
PT-02557,99.6895,0
PT-02558,98.6424,0
PT-02559,97.9705,0
PT-02560,99.6567,0
PT-02561,99.0111,0
PT-02562,95.5344,0
PT-02563,93.5616,0
PT-02564,90.5461,0
PT-02565,99.3045,0
PT-02566,99.6711,0
PT-02567,99.677,0
PT-02568,97.6874,0
PT-02569,99.5941,0
PT-02570,99.0071,0
PT-02571,99.6892,0
PT-02572,97.9573,0
PT-02573,97.8186,0
PT-02574,98.736,0
PT-02575,97.8215,0
PT-02576,98.8002,0
PT-02577,94.1114,0
PT-02578,99.6765,0
PT-02579,93.3078,0
PT-02580,97.5382,0
PT-02581,99.6876,0
PT-02582,99.3309,0
PT-02583,89.4979,1
PT-02584,96.5388,0
PT-02585,99.6819,0
PT-02586,99.5776,0
PT-02587,99.489,0
PT-02588,99.4376,0
PT-02589,98.5987,0
PT-02590,98.5827,0
PT-02591,91.1626,0
PT-02592,99.6749,0
PT-02593,96.929,0
PT-02594,99.248,0
PT-02595,99.0351,0
PT-02596,99.3686,0
PT-02597,99.6848,0
PT-02598,99.6451,0
PT-02599,99.3348,0
PT-02600,99.6063,0
